cuda_gpu,cuda_peak_allocated_mb,cuda_peak_reserved_mb,epoch,epoch_duration_sec,learning_rate,train_batches_per_sec,train_center,train_duration_sec,train_images_per_sec,train_objectness,train_size,train_total,val_ap50,val_ap75,val_batches_per_sec,val_center,val_duration_sec,val_eval_score_filtered_predictions,val_f1,val_false_negatives,val_false_positives,val_images_per_sec,val_map50_95,val_nms_candidate_predictions,val_objectness,val_post_nms_predictions,val_post_nms_predictions_per_image,val_precision,val_raw_predictions,val_recall,val_size,val_total,val_true_positives,val_valid_predictions
NVIDIA GeForce GTX 1660 SUPER,479.52099609375,590.0,0,202.35320019721985,0.001,6.020657636121487,0.03005177370477951,140.84840083122253,12.041315272242974,0.3128943154533429,0.07180033566294027,0.6067538554253021,0.5357958078384399,0.06291905790567398,4.025423383708093,0.01094084162912445,30.555792093276978,1847159,0.03153261304521809,96.0,24106.0,8.018119748036446,0.1859251412095091,122500,0.08902260564207061,24500,100.0,0.016081632653061225,1999200,0.8040816326530612,0.045780811636761676,0.2352884379707701,394.0,1999200
NVIDIA GeForce GTX 1660 SUPER,479.52099609375,590.0,1,264.1810700893402,0.001,4.178199043100183,0.014951924132271055,202.95825815200806,8.356398086200366,0.0877585410116293,0.03592132173208432,0.2343608054710236,0.6781779527664185,0.12152361124753952,4.017358873185809,0.010440965258796526,30.617130279541016,1337237,0.036243550051599585,51.0,23296.0,8.002056292118075,0.2506712350412272,122500,0.04216990354887354,24500,100.0,0.01849589214240573,1999200,0.8959183673469387,0.03247447234457283,0.15932367360446512,439.0,1999200
NVIDIA GeForce GTX 1660 SUPER,479.52099609375,590.0,2,262.2408628463745,0.001,4.219551206961814,0.013109638919902281,200.96924018859863,8.439102413923628,0.06285106967135227,0.028099641845262837,0.18459854806544926,0.776052713394165,0.14953932166099548,3.9922633729353585,0.009538164390705345,30.809590578079224,1214738,0.03918381314967703,32.0,22429.0,7.952069320074495,0.30566759067587557,122500,0.03253259747554132,24500,100.0,0.020011360160789967,1999200,0.9346938775510204,0.026281256017623454,0.13278593098729607,458.0,1999200
NVIDIA GeForce GTX 1660 SUPER,479.52099609375,590.0,3,256.8926692008972,0.001,4.311434453177942,0.012087071691156488,196.68627905845642,8.622868906355883,0.05011812752916671,0.02450958327711494,0.15957265232803897,0.8239051103591919,0.1769327074289322,4.109217441189753,0.007784240532711875,29.932706594467163,786378,0.05188888888888889,23.0,17043.0,8.185026610499914,0.32454989228353953,122500,0.025003387643842072,24500,100.0,0.026670474014848657,1999200,0.9530612244897959,0.023035549571949657,0.10999568954594736,467.0,1999200
NVIDIA GeForce GTX 1660 SUPER,479.52099609375,590.0,4,263.5820302963257,0.001,4.187291047922585,0.01142268039511005,202.51756811141968,8.37458209584517,0.048290877225742906,0.023306019414344775,0.15201631810885133,0.7350839972496033,0.051582176238298416,4.013876998247298,0.009997517498005636,30.643689393997192,1181696,0.036366641871229025,50.0,23268.0,7.995120850167381,0.22763929538195954,122500,0.047812247633691726,24500,100.0,0.01855913615657162,1999200,0.8979591836734694,0.031542418956211425,0.16088467260928657,440.0,1999200
NVIDIA GeForce GTX 1660 SUPER,479.52099609375,590.0,5,260.5984859466553,0.001,4.270800401093618,0.011043790838777809,198.5576286315918,8.541600802187236,0.041711617940443764,0.02138147714785586,0.13969352642812258,0.8544819355010986,0.15394774079322815,3.8610757704718797,0.00795596281499072,31.856406688690186,581032,0.053211532971738515,24.0,16559.0,7.6907606810212235,0.33590961888967286,122500,0.020246089899882188,24500,100.0,0.02737151248164464,1999200,0.9510204081632653,0.02209245338534361,0.10421081088725628,466.0,1999200
NVIDIA GeForce GTX 1660 SUPER,479.52099609375,590.0,6,261.3142282962799,0.001,4.232466493319703,0.009666719466862697,200.3559865951538,8.464932986639406,0.029640783157412684,0.018191829235907994,0.11435803892925593,0.8491942286491394,0.21377316117286682,4.012449356280723,0.007868474529681318,30.654592514038086,866607,0.048153926157046285,27.0,18277.0,7.99227717307949,0.3566804116082494,122500,0.028376029478764633,24500,100.0,0.024706510138740662,1999200,0.9448979591836735,0.021900642631060587,0.11151968784690873,463.0,1999200
NVIDIA GeForce GTX 1660 SUPER,479.52099609375,590.0,7,258.364839553833,0.001,4.288043058567785,0.009499921281736911,197.75920820236206,8.57608611713557,0.030761346438150625,0.01690155978960903,0.11206407240539226,0.9006384611129761,0.2826312482357025,4.022504594736434,0.007254720740285285,30.577963829040527,651976,0.04990302458457829,14.0,18111.0,8.012305900084767,0.40696123681263996,122500,0.023472226535280544,24500,100.0,0.025609296820358316,1999200,0.9714285714285714,0.01615678554029787,0.09205940144696856,476.0,1999200
NVIDIA GeForce GTX 1660 SUPER,479.52099609375,590.0,8,258.93956446647644,0.001,4.28905851807057,0.008771774623075441,197.7123875617981,8.57811703614114,0.02586455845805588,0.01573457677199567,0.10119258513990438,0.9133172631263733,0.3492119014263153,3.9886745939560817,0.007859967740790206,30.837311267852783,291884,0.06417479730658239,23.0,13597.0,7.944920939180813,0.4313999736317783,121781,0.024864573088451858,24500,100.0,0.033205346985210465,1999200,0.9530612244897959,0.01734171652166945,0.09884784506951891,467.0,1999200
NVIDIA GeForce GTX 1660 SUPER,479.52099609375,590.0,9,261.77624678611755,0.001,4.206029607034038,0.008235059694479272,201.615318775177,8.412059214068076,0.020458433549479967,0.014006999575185374,0.08964773127150212,0.9113054871559143,0.3152328431606293,4.126090301052268,0.0092727848635305,29.81030249595642,410129,0.05193382272378656,16.0,17290.0,8.218635152502484,0.4202596978480869,122500,0.02286601444040009,24500,100.0,0.026683179464084664,1999200,0.9673469387755103,0.015588527532082385,0.1004069935893867,474.0,1999200
NVIDIA GeForce GTX 1660 SUPER,479.52099609375,590.0,10,257.87791752815247,0.001,4.310408377263544,0.007778357795788632,196.7330994606018,8.620816754527088,0.02038776436227567,0.013867364648179335,0.08701428264941809,0.9083493947982788,0.349888414144516,3.950133045139944,0.00778129104074333,31.13819169998169,125701,0.08649041519033343,14.0,10041.0,7.868151187473872,0.4474248016020283,95858,0.015651349898246004,24488,99.95102040816326,0.0452600551488067,1999200,0.9714285714285714,0.015071191906368709,0.08470018854652478,476.0,1999200
NVIDIA GeForce GTX 1660 SUPER,479.52099609375,590.0,11,262.91584372520447,0.001,4.223747068401261,0.006931081431108431,200.76959776878357,8.447494136802522,0.013768670668623428,0.012361223527992514,0.07314652464361335,0.7694119215011597,0.19776758551597595,3.8941790506839284,0.008648553894401141,31.585604667663574,147640,0.062302423603793476,17.0,14221.0,7.756698109085874,0.3320027690337156,104138,0.02043238539074555,24500,100.0,0.032190009527698384,1999200,0.9653061224489796,0.014965012305173872,0.09360517943050803,473.0,1999200
NVIDIA GeForce GTX 1660 SUPER,479.52099609375,590.0,12,259.70367193222046,0.001,4.268325343405969,0.007492817341081495,198.67276549339294,8.536650686811939,0.022251687410731254,0.013039003709635372,0.08579378154453875,0.9157418012619019,0.29975321888923645,4.014713151169887,0.006170554451428626,30.637307167053223,345616,0.05662297240677559,17.0,15744.0,7.996786358021319,0.42320381536083007,122500,0.018130620839301406,24500,100.0,0.029166923598692728,1999200,0.9653061224489796,0.01539952381953173,0.0797824411827132,473.0,1999200
NVIDIA GeForce GTX 1660 SUPER,479.52099609375,590.0,13,265.097110748291,0.001,4.160461535165958,0.0059947505889348975,203.82354044914246,8.320923070331917,0.011675106308929279,0.010591333662200926,0.06283152670784027,0.9238741993904114,0.37468549609184265,4.00433772976603,0.006971723164859553,30.716689825057983,145983,0.06564704239122844,20.0,13359.0,7.976119868233149,0.4610949433670612,108075,0.02238938427810383,24500,100.0,0.03398655000361559,1999200,0.9591836734693877,0.013754153961118886,0.0847563073341924,470.0,1999200
NVIDIA GeForce GTX 1660 SUPER,479.52099609375,590.0,14,272.06255197525024,0.001,4.034665704745552,0.006138673841049686,210.17850351333618,8.069331409491104,0.012846905660276292,0.010574989596311495,0.06469025414432662,0.8705488443374634,0.24754320085048676,3.8754336937678717,0.008638289771743149,31.738383293151855,232443,0.06126126126126126,14.0,14574.0,7.7193597965295,0.383709952281788,122500,0.023824238581810056,24500,100.0,0.03162790697674418,1999200,0.9714285714285714,0.015370393332805696,0.09775647374127454,476.0,1999200
NVIDIA GeForce GTX 1660 SUPER,479.52099609375,590.0,15,259.9494571685791,0.001,4.254498287377647,0.006336515291963532,199.31844902038574,8.508996574755294,0.014270520300652727,0.01132205330982545,0.06859720337209028,0.9106196165084839,0.14765571057796478,4.018723299879403,0.0069260640515627836,30.606735229492188,111124,0.08891389983117613,16.0,9698.0,8.004774052605313,0.3407026007946115,95308,0.020484102127990286,24500,100.0,0.046598505701926855,1999200,0.9673469387755103,0.020795786408783216,0.09670599503064059,474.0,1999200
NVIDIA GeForce GTX 1660 SUPER,479.52099609375,590.0,16,256.970178604126,0.001,4.247182549648875,0.005085549187156776,199.66177344322205,8.49436509929775,0.008574766436655444,0.008942514642461352,0.05188754152062894,0.93045574426651,0.4279795289039612,4.099326862560636,0.006520230159337625,30.004926204681396,60864,0.12052730696798492,10.0,6995.0,8.165325864450047,0.4635102294356329,60864,0.01885427915343515,22187,90.55918367346939,0.06421404682274247,1999200,0.9795918367346939,0.01349131792984388,0.07843806594610214,480.0,1999200
NVIDIA GeForce GTX 1660 SUPER,479.52099609375,590.0,17,257.97805285453796,0.001,4.2857553582295695,0.004706245376237005,197.86477041244507,8.571510716459139,0.009598933219061813,0.00847144800375319,0.05007305603478772,0.7302804589271545,0.24714171886444092,4.13705536065013,0.008883364883353707,29.73129177093506,323148,0.04148668106551476,29.0,21273.0,8.240476124872211,0.33009732597747643,122500,0.030360821384663988,24500,100.0,0.02121100579736818,1999200,0.9408163265306122,0.0197916143172519,0.11436087400387458,461.0,1999200
NVIDIA GeForce GTX 1660 SUPER,479.52099609375,590.0,18,262.0620901584625,0.001,4.231026943899226,0.005485594610808272,200.42415499687195,8.462053887798453,0.014889291168590304,0.009517783651903781,0.061352831527880694,0.8797017931938171,0.3705514669418335,3.9022628075513737,0.0061875397014825384,31.52017331123352,107128,0.08405900124400212,17.0,10291.0,7.772799901220216,0.4233736815993325,96525,0.02461474353345338,24500,100.0,0.04394277220364177,1999200,0.9653061224489796,0.014494022666817395,0.08454048691120575,473.0,1999200
NVIDIA GeForce GTX 1660 SUPER,479.52099609375,590.0,19,254.6639223098755,0.001,4.317738521055412,0.0038398639673755926,196.3991093635559,8.635477042110823,0.0058544386903928896,0.006913803931312495,0.03888136635639898,0.9375629425048828,0.40376806259155273,4.023408921024102,0.006681015086549569,30.571090936660767,61570,0.1162677088422081,14.0,7222.0,8.014107200413862,0.4791892207620549,61561,0.03151615554650458,22448,91.62448979591836,0.061834242660431284,1999200,0.9714285714285714,0.011569870277156493,0.08806097121129373,476.0,1999200
